Gene_1	Gene_2	Gene_3	Gene_4	Gene_5	Gene_6	Gene_7	Gene_8	Gene_9	Gene_10
Voxel_1	0	0	0	0	1	0	1	0	0	0
Voxel_2	0	0	0	0	0	0	0	0	0	0
Voxel_3	0	0	1	0	0	0	0	0	0	0
Voxel_4	0	0	0	0	0	0	0	0	0	0
Voxel_5	0	0	0	0	0	0	0	0	0	1
Voxel_6	0	0	0	0	1	0	0	0	0	1
Voxel_7	0	0	0	0	0	0	0	0	1	1
Voxel_8	0	0	1	0	1	1	0	0	0	1
Voxel_9	0	0	0	0	1	0	0	0	0	0
Voxel_10	0	0	0	0	1	1	0	0	0	0
Voxel_11	0	0	0	0	1	0	0	0	0	0
Voxel_12	0	0	1	0	0	0	0	0	0	0
Voxel_13	0	0	0	0	1	0	0	0	0	0
Voxel_14	0	0	0	0	0	0	1	1	0	0
Voxel_15	0	0	0	0	0	0	0	0	0	0
Voxel_16	0	0	0	0	0	0	0	1	0	0
Voxel_17	0	0	0	0	0	0	0	0	0	0
Voxel_18	0	0	1	0	0	0	0	0	0	0
Voxel_19	0	0	0	0	0	0	0	0	0	0
Voxel_20	0	1	1	0	0	0	0	0	0	1
Voxel_21	0	0	0	0	0	0	0	0	0	0
Voxel_22	0	0	1	0	0	0	0	0	0	0
Voxel_23	0	0	0	0	0	0	0	0	0	0
Voxel_24	0	0	0	0	0	0	0	1	0	1
Voxel_25	0	0	0	0	0	0	0	0	0	0
Voxel_26	0	0	0	0	1	0	0	1	0	0
Voxel_27	0	0	0	0	0	0	0	0	0	0
Voxel_28	0	0	0	0	0	0	0	0	0	0
Voxel_29	0	0	0	0	0	0	0	0	0	0
Voxel_30	0	0	0	0	1	0	0	0	0	0
Voxel_31	0	0	0	0	0	0	0	0	0	0
Voxel_32	0	0	0	0	0	0	0	1	0	0
Voxel_33	0	0	1	0	0	0	0	0	0	0
Voxel_34	0	0	0	0	0	0	0	0	0	0
Voxel_35	0	0	0	0	0	0	0	0	0	0
Voxel_36	0	0	0	0	0	0	0	0	0	0
Voxel_37	0	0	0	0	0	0	0	0	0	0
Voxel_38	0	0	0	0	0	0	0	0	0	1
Voxel_39	0	0	0	0	1	0	0	0	0	1
Voxel_40	0	0	0	0	0	0	0	0	0	1
Voxel_41	0	0	0	0	1	1	0	0	0	1
Voxel_42	0	0	0	0	1	0	0	0	0	0
Voxel_43	0	0	1	0	0	0	0	0	0	1
Voxel_44	0	0	0	0	0	0	0	0	0	0
Voxel_45	0	0	0	0	0	0	0	0	0	0
Voxel_46	0	0	0	0	1	0	0	0	0	0
Voxel_47	0	0	0	0	0	0	1	1	0	0
Voxel_48	0	0	0	0	0	0	0	0	0	0
Voxel_49	0	0	0	0	0	0	0	1	0	0
Voxel_50	0	0	1	0	0	0	0	0	0	0
Voxel_51	0	0	1	0	0	0	0	0	0	1
Voxel_52	0	0	0	0	0	0	0	0	0	0
Voxel_53	0	1	1	0	0	0	0	0	0	1
Voxel_54	0	0	0	0	0	0	0	0	0	0
Voxel_55	0	0	0	0	0	0	0	0	0	0
Voxel_56	0	0	0	0	0	0	0	0	0	0
Voxel_57	0	0	0	0	1	0	0	1	0	0
Voxel_58	0	0	0	0	0	0	0	0	0	0
Voxel_59	0	0	0	0	1	0	0	1	0	0
Voxel_60	0	0	0	0	0	0	0	0	0	0
Voxel_61	0	0	0	0	1	0	0	0	0	0
Voxel_62	0	0	0	0	0	0	0	0	0	0
Voxel_63	0	0	0	0	1	0	0	0	0	0
Voxel_64	0	0	1	0	0	0	0	0	0	0
Voxel_65	0	0	0	0	0	0	0	1	0	0
Voxel_66	0	0	1	0	0	0	0	0	0	0
Voxel_67	0	0	0	0	0	0	0	0	0	0
Voxel_68	0	0	0	0	0	0	0	0	0	0
Voxel_69	0	0	0	0	0	0	0	0	0	0
Voxel_70	0	0	0	0	0	0	0	0	0	1
Voxel_71	0	0	0	0	1	0	0	0	0	1
Voxel_72	0	0	1	0	0	1	0	0	0	0
Voxel_73	0	0	0	0	0	0	0	0	0	1
Voxel_74	0	0	0	0	1	1	0	0	0	1
Voxel_75	0	0	0	0	1	0	0	0	0	0
Voxel_76	0	0	1	0	0	0	0	0	0	0
Voxel_77	0	0	0	0	0	0	0	0	0	0
Voxel_78	0	0	0	0	0	0	0	0	0	0
Voxel_79	0	0	0	0	0	0	0	0	0	0
Voxel_80	0	0	0	0	0	0	1	1	0	0
Voxel_81	0	0	0	0	0	0	0	0	0	1
Voxel_82	0	0	0	0	0	0	0	1	0	0
Voxel_83	0	1	1	0	0	0	0	0	0	0
Voxel_84	0	0	1	0	0	0	0	0	0	0
Voxel_85	0	0	0	0	0	0	0	0	0	0
Voxel_86	0	1	1	0	0	0	0	0	0	1
Voxel_87	0	0	0	0	0	0	0	0	0	0
Voxel_88	0	0	0	0	0	0	0	0	0	0
Voxel_89	0	0	0	0	0	0	0	0	0	0
Voxel_90	0	0	0	0	1	0	0	1	0	0
Voxel_91	0	0	0	0	0	0	0	1	0	0
Voxel_92	0	0	0	0	1	0	0	1	0	0
Voxel_93	0	0	0	0	0	0	0	0	0	0
Voxel_94	0	0	0	0	1	0	0	0	0	0
Voxel_95	0	0	0	0	0	0	0	0	0	0
Voxel_96	0	0	0	0	1	0	0	0	0	0
Voxel_97	0	0	0	0	0	0	0	1	0	0
Voxel_98	0	0	1	0	0	0	0	0	0	0
Voxel_99	0	0	0	0	0	0	0	0	0	0
Voxel_100	0	0	0	0	0	0	0	0	0	0
Voxel_101	0	0	0	0	0	1	0	0	0	1
Voxel_102	0	0	0	0	0	0	0	0	0	1
Voxel_103	0	0	0	0	0	0	0	0	0	1
Voxel_104	0	0	1	0	0	1	0	0	0	1
Voxel_105	0	0	0	0	0	0	0	0	0	1
Voxel_106	0	0	0	0	1	1	0	0	0	1
Voxel_107	0	0	0	0	1	0	0	0	0	0
Voxel_108	0	0	1	0	0	0	0	0	0	0
Voxel_109	0	0	0	0	0	0	0	0	0	0
Voxel_110	0	0	0	0	0	0	1	1	0	0
Voxel_111	0	0	0	0	0	0	0	0	0	0
Voxel_112	0	0	0	0	0	0	0	1	0	0
Voxel_113	0	0	0	0	0	0	0	0	0	1
Voxel_114	0	0	0	0	0	0	0	0	0	0
Voxel_115	0	1	1	0	0	0	0	0	0	0
Voxel_116	0	0	1	0	0	0	0	0	0	0
Voxel_117	0	0	0	0	0	0	0	0	0	0
Voxel_118	0	1	1	0	0	0	0	0	0	0
Voxel_119	0	0	0	0	0	0	0	0	0	0
Voxel_120	0	0	0	0	0	0	0	0	0	0
Voxel_121	0	0	0	0	0	0	0	0	0	0
Voxel_122	0	0	0	0	1	0	0	1	0	0
Voxel_123	0	0	0	0	0	0	0	1	0	0
Voxel_124	0	0	0	0	1	0	0	0	0	0
Voxel_125	0	0	0	0	0	0	0	0	0	0
Voxel_126	0	0	0	0	1	0	0	0	0	0
Voxel_127	0	1	0	0	0	0	0	0	0	0
Voxel_128	0	0	0	0	0	0	0	1	0	0
Voxel_129	0	0	0	0	0	0	0	0	0	0
Voxel_130	0	0	1	0	0	0	0	0	0	0
Voxel_131	0	0	0	0	0	0	0	0	0	0
Voxel_132	0	0	0	0	0	1	0	0	0	1
Voxel_133	0	0	0	0	1	0	0	0	0	1
Voxel_134	0	0	0	0	0	0	0	0	0	1
Voxel_135	0	0	1	0	1	1	0	0	0	1
Voxel_136	0	0	0	0	0	0	0	0	0	0
Voxel_137	0	0	0	0	1	0	0	0	0	1
Voxel_138	0	0	0	0	1	0	0	0	0	0
Voxel_139	0	0	1	0	0	0	0	0	0	0
Voxel_140	0	0	0	0	0	0	0	0	0	0
Voxel_141	0	0	0	0	0	0	1	1	0	0
Voxel_142	0	0	0	0	0	0	0	0	0	0
Voxel_143	0	0	0	0	0	0	0	1	0	0
Voxel_144	0	0	1	0	0	0	0	0	0	0
Voxel_145	0	0	0	0	0	0	0	0	0	0
Voxel_146	0	1	1	0	0	0	0	0	0	0
Voxel_147	0	0	1	0	0	0	0	0	0	0
Voxel_148	0	0	0	0	0	0	0	0	0	0
Voxel_149	0	0	1	0	0	0	0	0	0	0
Voxel_150	0	0	0	0	0	0	0	0	0	0
Voxel_151	0	0	0	0	1	0	0	1	0	1
Voxel_152	0	0	0	0	0	0	0	1	0	0
Voxel_153	0	0	0	0	1	0	0	1	0	0
Voxel_154	0	0	0	0	0	0	0	1	0	0
Voxel_155	0	0	0	0	1	0	0	0	0	0
Voxel_156	0	0	0	0	0	0	0	0	0	0
Voxel_157	0	0	0	0	1	0	0	0	0	0
Voxel_158	0	1	0	0	0	0	0	0	0	0
Voxel_159	0	0	0	0	0	0	0	1	0	0
Voxel_160	0	0	0	0	0	0	0	0	0	0
Voxel_161	0	0	1	0	0	0	0	0	0	0
Voxel_162	0	0	0	0	0	1	0	0	0	1
Voxel_163	0	0	0	0	0	0	0	0	0	1
Voxel_164	0	0	0	0	1	0	0	0	0	1
Voxel_165	0	0	0	0	0	0	0	0	0	1
Voxel_166	0	0	0	0	1	1	0	0	0	1
Voxel_167	0	0	0	0	0	0	0	0	0	0
Voxel_168	0	0	1	0	1	0	0	0	0	1
Voxel_169	0	0	0	0	0	0	1	0	0	0
Voxel_170	0	0	1	0	0	0	0	0	0	0
Voxel_171	0	0	0	0	0	0	0	0	0	0
Voxel_172	0	0	0	0	0	0	1	1	0	0
Voxel_173	0	0	0	0	0	0	0	0	0	0
Voxel_174	0	0	0	0	0	0	0	1	0	0
Voxel_175	0	0	1	0	0	0	0	0	0	0
Voxel_176	0	0	0	0	0	0	0	0	0	0
Voxel_177	0	0	1	0	0	0	0	0	0	1
Voxel_178	0	0	0	0	0	0	0	0	0	0
Voxel_179	0	0	0	0	0	0	0	0	0	0
Voxel_180	0	0	0	0	0	0	0	0	0	0
Voxel_181	0	0	0	0	1	0	0	1	0	1
Voxel_182	0	0	0	0	0	0	0	1	0	0
Voxel_183	0	0	0	0	1	0	0	1	0	0
Voxel_184	0	0	0	0	0	0	0	1	0	0
Voxel_185	0	0	0	0	1	0	0	0	0	0
Voxel_186	0	0	0	0	0	0	0	0	0	0
Voxel_187	0	0	0	0	1	0	0	0	0	0
Voxel_188	0	0	0	0	0	0	0	0	0	0
Voxel_189	0	0	0	0	0	0	0	1	0	0
Voxel_190	0	0	0	0	0	0	0	0	0	0
Voxel_191	0	0	1	0	0	0	0	0	0	0
Voxel_192	0	0	0	0	0	1	0	0	0	1
Voxel_193	0	0	0	0	0	0	0	0	0	1
Voxel_194	0	0	0	0	0	0	0	0	0	1
Voxel_195	0	0	0	0	0	0	0	0	0	0
Voxel_196	0	0	0	0	0	0	0	0	0	1
Voxel_197	0	0	0	0	1	0	0	0	0	1
Voxel_198	0	0	0	0	1	0	0	0	0	0
Voxel_199	0	0	1	0	0	0	0	0	0	0
Voxel_200	0	0	0	0	0	0	1	0	0	0
Voxel_201	0	0	0	0	0	0	0	1	0	0
Voxel_202	0	0	0	0	0	0	0	0	0	0
Voxel_203	0	0	0	0	0	0	1	1	0	0
Voxel_204	0	0	0	0	0	0	0	0	0	1
Voxel_205	0	0	0	0	0	0	0	1	0	0
Voxel_206	0	0	1	0	0	0	0	0	0	0
Voxel_207	0	0	1	0	0	0	0	0	0	0
Voxel_208	0	0	0	0	0	0	0	0	0	0
Voxel_209	0	0	1	0	0	0	0	0	0	1
Voxel_210	0	0	0	0	0	0	0	1	0	0
Voxel_211	0	0	0	0	0	0	0	0	0	0
Voxel_212	0	0	0	0	0	0	0	0	0	0
Voxel_213	0	0	0	0	1	0	0	1	0	1
Voxel_214	0	0	0	0	0	0	0	1	0	0
Voxel_215	0	0	0	0	1	0	0	1	0	0
Voxel_216	0	0	0	0	0	0	0	1	0	0
Voxel_217	0	0	0	0	1	0	0	0	0	0
Voxel_218	0	0	0	0	0	0	0	0	0	0
Voxel_219	0	0	0	0	1	0	0	1	0	0
Voxel_220	0	0	0	0	0	0	0	1	0	0
Voxel_221	0	0	0	0	0	0	0	0	0	0
Voxel_222	0	0	1	0	0	0	0	0	0	0
Voxel_223	0	0	0	0	0	1	0	0	0	1
Voxel_224	0	0	0	0	0	0	0	0	0	1
Voxel_225	0	0	0	0	0	0	0	0	0	1
Voxel_226	0	0	0	0	0	0	0	0	0	0
Voxel_227	0	0	0	0	0	0	0	0	0	1
Voxel_228	0	0	0	0	1	0	0	0	0	1
Voxel_229	0	0	0	0	1	0	0	0	0	0
Voxel_230	0	0	1	0	0	0	0	0	0	0
Voxel_231	0	0	0	0	0	0	0	0	0	1
Voxel_232	0	0	0	0	0	0	0	1	0	0
Voxel_233	0	0	0	0	0	0	0	0	0	1
Voxel_234	0	0	0	0	0	0	1	1	0	0
Voxel_235	0	0	0	0	0	0	0	0	0	1
Voxel_236	0	0	0	0	0	0	0	0	0	0
Voxel_237	0	0	1	0	0	0	0	0	0	0
Voxel_238	0	0	1	0	0	0	0	0	0	1
Voxel_239	0	0	0	0	0	0	0	0	0	0
Voxel_240	0	0	1	0	0	0	0	0	0	0
Voxel_241	0	0	0	0	0	0	0	1	0	0
Voxel_242	0	0	0	0	0	0	0	0	0	0
Voxel_243	0	0	0	0	0	0	0	1	0	0
Voxel_244	0	0	0	0	1	0	0	1	0	1
Voxel_245	0	0	0	0	0	0	0	1	0	0
Voxel_246	0	0	0	0	1	0	0	0	0	0
Voxel_247	0	0	0	0	0	0	0	0	0	0
Voxel_248	0	0	0	0	1	0	0	1	0	0
Voxel_249	0	1	0	0	0	0	0	0	0	0
Voxel_250	0	0	0	0	0	0	0	1	0	0
Voxel_251	0	0	0	0	0	0	0	0	0	0
Voxel_252	0	0	0	0	0	0	0	0	0	0
Voxel_253	0	0	1	0	0	0	0	0	0	0
Voxel_254	0	0	0	0	0	0	0	0	0	0
Voxel_255	0	0	0	0	0	1	0	0	0	1
Voxel_256	0	0	0	0	0	0	0	0	0	1
Voxel_257	0	0	0	0	0	0	0	0	0	1
Voxel_258	0	0	1	0	0	0	0	0	0	1
Voxel_259	0	0	0	0	0	0	0	0	0	1
Voxel_260	0	0	1	0	1	0	0	0	0	1
Voxel_261	0	0	0	0	1	0	0	0	0	0
Voxel_262	0	0	1	0	0	0	0	0	0	0
Voxel_263	0	0	0	0	0	0	0	0	0	1
Voxel_264	0	0	0	0	0	0	1	1	0	0
Voxel_265	0	0	0	0	1	0	0	0	0	1
Voxel_266	0	0	0	0	0	0	1	1	0	0
Voxel_267	0	0	1	0	0	0	0	0	0	0
Voxel_268	0	0	0	0	0	0	0	0	0	0
Voxel_269	0	0	1	0	0	0	0	0	0	0
Voxel_270	0	0	1	0	0	0	0	0	0	0
Voxel_271	0	0	0	0	0	0	0	0	0	0
Voxel_272	0	0	1	0	0	0	0	0	0	0
Voxel_273	0	0	0	0	0	0	0	0	0	0
Voxel_274	0	0	0	0	1	0	0	1	0	1
Voxel_275	0	0	0	0	0	0	0	1	0	0
Voxel_276	0	0	0	0	1	0	0	1	0	0
Voxel_277	0	0	0	0	0	0	0	1	0	0
Voxel_278	0	0	0	0	1	0	0	0	0	0
Voxel_279	0	0	0	0	0	0	0	0	0	0
Voxel_280	0	0	0	0	1	0	0	1	0	0
Voxel_281	0	1	0	0	0	0	0	0	0	0
Voxel_282	0	0	0	0	0	0	0	1	0	0
Voxel_283	0	0	0	0	0	0	0	0	0	0
Voxel_284	0	0	0	0	0	0	0	0	0	0
Voxel_285	0	0	1	0	0	0	0	0	0	0
Voxel_286	0	0	0	0	0	1	0	0	0	0
Voxel_287	0	0	0	0	0	0	0	0	0	1
Voxel_288	0	0	0	0	0	0	0	0	0	1
Voxel_289	0	0	0	0	0	0	0	0	0	1
Voxel_290	0	0	1	0	1	0	0	0	0	1
Voxel_291	0	0	0	0	0	0	1	0	0	0
Voxel_292	0	0	1	0	1	0	0	0	0	1
Voxel_293	0	0	0	0	1	0	1	0	0	0
Voxel_294	0	0	1	0	0	0	0	0	0	0
Voxel_295	0	0	0	0	0	0	0	0	0	1
Voxel_296	0	0	0	0	0	0	1	1	0	0
Voxel_297	0	0	0	0	1	0	0	0	0	1
Voxel_298	0	0	0	0	0	0	1	1	0	0
Voxel_299	0	0	1	0	0	0	0	0	0	0
Voxel_300	0	0	0	0	0	0	0	0	0	0
Voxel_301	0	0	1	0	0	0	0	0	0	0
Voxel_302	0	0	1	0	0	0	0	0	0	0
Voxel_303	0	0	0	0	0	1	0	0	0	0
Voxel_304	0	0	0	0	0	0	0	0	0	0
Voxel_305	0	0	0	0	0	0	0	0	0	0
Voxel_306	0	0	0	0	1	0	0	1	0	1
Voxel_307	0	0	0	0	0	0	1	1	0	0
Voxel_308	0	0	0	0	1	0	0	1	0	0
Voxel_309	0	0	0	0	0	0	0	1	0	0
Voxel_310	0	0	0	0	1	0	0	0	0	0
Voxel_311	0	0	0	0	0	0	0	0	0	0
Voxel_312	0	0	0	0	1	0	0	1	0	0
Voxel_313	0	0	0	0	0	0	0	0	0	0
Voxel_314	0	0	0	0	0	0	0	1	0	0
Voxel_315	0	0	0	0	0	0	0	0	0	0
Voxel_316	0	0	0	0	0	0	0	0	0	0
Voxel_317	0	0	1	0	0	0	0	0	0	0
Voxel_318	0	0	0	0	0	1	0	0	0	1
Voxel_319	0	0	0	0	0	0	0	0	0	1
Voxel_320	0	0	0	0	0	0	0	0	0	1
Voxel_321	0	0	0	0	0	0	0	0	0	1
Voxel_322	0	0	1	0	1	0	0	0	0	1
Voxel_323	0	0	0	0	0	0	1	0	0	0
Voxel_324	0	0	1	0	1	0	0	0	0	1
Voxel_325	0	0	0	0	0	0	1	0	0	1
Voxel_326	0	0	0	0	0	0	1	1	0	0
Voxel_327	0	0	0	0	0	0	0	0	0	1
Voxel_328	0	0	0	0	0	0	1	1	0	0
Voxel_329	0	0	0	0	1	0	0	0	0	1
Voxel_330	0	0	0	0	0	0	1	1	0	0
Voxel_331	0	0	1	0	1	0	0	0	0	1
Voxel_332	0	0	0	0	0	0	0	0	0	0
Voxel_333	0	0	1	0	0	0	0	0	0	0
Voxel_334	0	0	0	0	0	1	1	1	0	0
Voxel_335	0	0	0	0	0	0	0	0	0	0
Voxel_336	0	0	0	0	0	0	0	0	0	0
Voxel_337	0	0	0	0	1	0	0	1	0	0
Voxel_338	0	0	0	0	0	0	1	1	0	0
Voxel_339	0	0	0	0	1	0	0	0	0	0
Voxel_340	0	0	0	0	0	0	0	1	0	0
Voxel_341	0	0	0	0	1	0	0	0	0	0
Voxel_342	0	0	0	0	0	0	0	0	0	0
Voxel_343	0	0	0	0	1	0	0	1	0	0
Voxel_344	0	0	0	0	0	0	0	1	0	0
Voxel_345	0	0	0	0	0	0	0	0	0	0
Voxel_346	0	0	0	0	0	0	0	0	0	0
Voxel_347	0	0	1	0	0	0	0	0	0	0
Voxel_348	0	0	0	0	0	1	0	0	0	1
Voxel_349	0	0	0	0	0	0	0	0	0	1
Voxel_350	0	0	0	0	0	0	0	0	0	1
Voxel_351	0	0	0	0	0	0	0	0	0	1
Voxel_352	0	0	1	0	1	0	0	0	0	1
Voxel_353	0	0	0	0	0	0	1	0	0	0
Voxel_354	0	0	1	0	1	0	0	0	0	0
Voxel_355	0	0	0	0	0	0	1	0	0	1
Voxel_356	0	0	0	0	0	0	1	1	0	0
Voxel_357	0	0	0	0	1	0	0	0	0	1
Voxel_358	0	0	0	0	0	0	1	1	0	0
Voxel_359	0	0	0	0	0	0	0	0	0	1
Voxel_360	0	0	0	0	0	0	0	1	0	0
Voxel_361	0	0	1	0	0	0	0	0	0	1
Voxel_362	0	0	0	0	0	0	0	0	0	0
Voxel_363	0	0	1	0	0	0	0	0	0	0
Voxel_364	0	0	0	0	0	0	1	1	0	0
Voxel_365	0	0	0	0	0	0	0	0	0	0
Voxel_366	0	0	0	0	0	0	0	1	0	0
Voxel_367	0	0	0	0	1	0	0	1	0	0
Voxel_368	0	0	0	0	0	0	1	1	0	0
Voxel_369	0	0	0	0	1	0	0	0	0	0
Voxel_370	0	0	0	0	0	0	0	1	0	0
Voxel_371	0	0	0	0	1	0	0	1	0	0
Voxel_372	0	0	0	0	0	0	0	0	0	0
Voxel_373	0	0	0	0	0	0	0	1	0	0
Voxel_374	0	0	0	0	0	0	0	0	0	0
Voxel_375	0	0	0	0	0	0	0	0	0	0
Voxel_376	0	0	1	0	0	0	0	0	0	0
Voxel_377	0	0	0	0	0	0	0	0	0	0
Voxel_378	0	0	1	0	0	0	0	0	0	0
Voxel_379	0	0	0	0	0	1	0	0	0	1
Voxel_380	0	0	0	0	0	0	0	0	0	1
Voxel_381	0	0	0	0	0	0	0	0	0	1
Voxel_382	0	0	0	0	0	0	0	0	0	0
Voxel_383	0	0	0	0	0	0	0	0	0	1
Voxel_384	0	0	1	0	1	0	0	0	0	1
Voxel_385	0	0	0	0	1	0	1	0	0	0
Voxel_386	0	0	1	0	1	0	0	0	0	0
Voxel_387	0	0	0	0	0	0	0	0	0	1
Voxel_388	0	0	0	0	0	0	1	1	0	0
Voxel_389	0	0	0	0	1	0	0	0	0	1
Voxel_390	0	0	0	0	0	0	1	1	0	0
Voxel_391	0	0	0	0	0	0	0	0	0	1
Voxel_392	0	0	0	0	0	0	0	0	0	0
Voxel_393	0	0	1	0	0	0	0	0	0	0
Voxel_394	0	0	1	0	0	0	0	0	0	0
Voxel_395	0	0	0	0	0	0	0	0	0	0
Voxel_396	0	0	1	0	0	0	0	0	0	0
Voxel_397	0	0	0	0	0	0	1	1	0	0
Voxel_398	0	0	0	0	1	0	0	1	0	1
Voxel_399	0	0	0	0	0	0	1	1	0	0
Voxel_400	0	0	0	0	1	0	0	1	0	0
Voxel_401	0	0	0	0	0	0	1	1	0	0
Voxel_402	0	0	0	0	1	0	0	0	0	0
Voxel_403	0	0	0	0	0	0	0	0	0	0
Voxel_404	0	0	0	0	1	0	0	1	0	0
Voxel_405	0	0	0	0	0	0	0	0	0	0
Voxel_406	0	0	0	0	0	0	0	1	0	0
Voxel_407	0	0	0	0	0	0	0	0	0	0
Voxel_408	0	0	0	0	0	0	0	1	0	0
Voxel_409	0	0	1	0	0	0	0	0	0	0
Voxel_410	0	0	1	0	0	0	0	0	0	0
Voxel_411	0	0	0	0	1	0	0	0	0	0
Voxel_412	0	0	1	0	0	0	0	0	0	0
Voxel_413	0	0	0	0	0	0	0	0	0	0
Voxel_414	0	0	0	0	0	1	0	0	0	1
Voxel_415	0	0	0	0	0	0	0	0	0	1
Voxel_416	0	0	0	0	0	0	0	0	0	1
Voxel_417	0	0	1	0	0	0	0	0	0	1
Voxel_418	0	0	0	0	0	0	1	0	0	0
Voxel_419	0	0	1	0	1	0	0	0	0	1
Voxel_420	0	0	0	0	1	0	1	0	0	0
Voxel_421	0	0	0	0	0	0	1	0	0	0
Voxel_422	0	0	0	0	0	0	0	0	1	1
Voxel_423	0	0	0	0	0	0	1	1	0	0
Voxel_424	0	0	0	0	1	0	0	0	0	1
Voxel_425	0	0	0	0	0	0	1	1	0	0
Voxel_426	0	0	1	0	0	0	0	0	0	1
Voxel_427	0	0	0	0	0	0	0	0	0	0
Voxel_428	0	0	1	0	0	0	0	0	0	0
Voxel_429	0	0	1	0	0	0	0	0	0	0
Voxel_430	0	0	0	0	0	1	0	0	0	0
Voxel_431	0	0	1	0	0	0	0	0	0	0
Voxel_432	0	0	0	0	0	0	1	1	0	0
Voxel_433	0	0	0	0	1	0	0	1	0	1
Voxel_434	0	0	0	0	0	0	1	1	0	0
Voxel_435	0	0	0	0	1	0	0	1	0	0
Voxel_436	0	0	0	0	0	0	0	1	0	0
Voxel_437	0	0	0	0	1	0	0	0	0	0
Voxel_438	0	0	0	0	0	0	0	0	0	0
Voxel_439	0	0	0	0	1	0	0	1	0	0
Voxel_440	0	0	0	0	0	0	0	0	0	0
Voxel_441	0	0	0	0	0	0	0	1	0	0
Voxel_442	0	0	0	0	0	0	0	0	0	0
Voxel_443	0	0	0	0	0	0	0	0	0	0
Voxel_444	0	0	1	0	0	0	0	0	0	0
Voxel_445	0	0	1	0	0	0	0	0	0	0
Voxel_446	0	0	0	0	0	0	0	0	0	0
Voxel_447	0	0	1	0	0	0	0	0	0	0
Voxel_448	0	0	0	0	0	1	0	0	0	1
Voxel_449	0	0	0	0	0	0	0	0	0	1
Voxel_450	0	0	0	0	0	0	0	0	0	1
Voxel_451	0	0	0	0	0	0	0	0	0	1
Voxel_452	0	0	1	0	0	0	0	0	0	1
Voxel_453	0	0	0	0	0	0	1	0	0	0
Voxel_454	0	0	1	0	1	0	0	0	0	0
Voxel_455	0	0	0	0	0	0	1	0	0	1
Voxel_456	0	0	0	0	0	0	1	1	0	0
Voxel_457	0	0	0	0	0	0	0	0	1	1
Voxel_458	0	0	0	0	0	0	1	1	0	0
Voxel_459	0	0	0	0	1	0	0	0	0	1
Voxel_460	0	0	0	0	0	0	0	1	0	0
Voxel_461	0	0	1	0	0	0	0	0	0	1
Voxel_462	0	0	0	0	0	0	0	0	0	0
Voxel_463	0	0	1	0	0	0	0	0	0	0
Voxel_464	0	0	1	0	0	0	0	0	0	0
Voxel_465	0	0	0	0	0	1	1	1	0	0
Voxel_466	0	0	1	0	0	0	0	0	0	0
Voxel_467	0	0	0	0	0	0	1	1	0	0
Voxel_468	0	0	0	0	1	0	0	1	0	1
Voxel_469	0	0	0	0	0	0	1	1	0	0
Voxel_470	0	0	0	0	1	0	0	1	0	0
Voxel_471	0	0	0	0	0	0	0	1	0	0
Voxel_472	0	0	0	0	1	0	0	1	0	0
Voxel_473	0	0	0	0	0	0	0	0	0	0
Voxel_474	0	0	0	0	1	0	0	1	0	0
Voxel_475	0	0	0	0	0	0	0	1	0	0
Voxel_476	0	0	0	0	0	0	0	0	0	0
Voxel_477	0	0	0	0	0	0	0	0	0	0
Voxel_478	0	0	1	0	0	0	0	0	0	0
Voxel_479	0	0	0	0	0	0	0	0	0	0
Voxel_480	0	0	1	0	0	0	0	0	0	0
Voxel_481	0	0	0	0	0	1	0	0	0	1
Voxel_482	0	0	0	0	0	0	0	0	0	1
Voxel_483	0	0	0	0	0	0	0	0	0	1
Voxel_484	0	0	0	0	0	0	0	0	0	0
Voxel_485	0	0	1	0	1	0	0	0	0	1
Voxel_486	0	0	0	0	0	0	1	0	0	0
Voxel_487	0	0	1	0	1	0	0	0	0	0
Voxel_488	0	0	0	0	0	0	1	0	0	1
Voxel_489	0	0	0	0	0	0	1	1	0	0
Voxel_490	0	0	0	0	0	0	0	0	1	1
Voxel_491	0	0	0	0	0	0	1	0	0	0
Voxel_492	0	0	0	0	1	0	0	0	0	1
Voxel_493	0	0	0	0	0	0	0	1	0	0
Voxel_494	0	0	1	0	0	0	0	0	0	1
Voxel_495	0	0	0	0	0	0	0	0	0	0
Voxel_496	0	0	1	0	0	0	0	0	0	0
Voxel_497	0	0	0	0	0	0	1	1	0	0
Voxel_498	0	0	0	0	0	0	0	0	0	0
Voxel_499	0	0	0	0	0	0	1	1	0	0
Voxel_500	0	0	0	0	1	0	0	1	0	1
Voxel_501	0	0	0	0	0	0	1	1	0	0
Voxel_502	0	0	0	0	1	0	0	0	0	0
Voxel_503	0	0	0	0	0	0	0	1	0	0
Voxel_504	0	0	0	0	1	0	0	1	0	0
Voxel_505	0	0	0	0	0	0	0	0	0	0
Voxel_506	0	0	0	0	1	0	0	1	0	0
Voxel_507	0	0	0	0	0	0	0	0	0	0
Voxel_508	0	0	0	0	0	0	0	0	0	0
Voxel_509	0	0	0	0	0	0	0	0	0	0
Voxel_510	0	0	1	0	0	0	0	0	0	0
Voxel_511	0	0	1	0	0	0	0	0	0	0
Voxel_512	0	0	1	0	0	0	0	0	0	0
Voxel_513	0	0	0	0	0	1	0	0	0	1
Voxel_514	0	0	0	0	0	0	0	0	0	1
Voxel_515	0	0	0	0	0	0	0	0	0	1
Voxel_516	0	0	0	0	0	0	0	0	0	0
Voxel_517	0	0	1	0	1	0	0	0	0	0
Voxel_518	0	0	0	0	1	0	1	0	0	1
Voxel_519	0	0	1	0	1	0	0	0	0	0
Voxel_520	0	0	0	0	0	0	1	0	0	1
Voxel_521	0	0	0	0	0	0	1	0	0	0
Voxel_522	0	0	0	0	1	0	0	0	0	1
Voxel_523	0	0	0	0	0	0	1	0	0	0
Voxel_524	0	0	0	0	1	0	0	0	0	1
Voxel_525	0	0	0	0	0	0	0	0	0	0
Voxel_526	0	0	1	0	0	0	0	0	0	0
Voxel_527	0	0	0	0	0	0	0	0	0	0
Voxel_528	0	0	1	0	0	0	0	0	0	0
Voxel_529	0	0	0	0	0	0	1	1	0	0
Voxel_530	0	0	0	0	1	0	0	0	0	1
Voxel_531	0	0	0	0	0	0	1	1	0	0
Voxel_532	0	0	0	0	1	0	0	1	0	1
Voxel_533	0	0	0	0	0	0	1	1	0	0
Voxel_534	0	0	0	0	1	0	0	0	0	0
Voxel_535	0	0	0	0	0	0	0	0	0	0
Voxel_536	0	0	0	0	1	0	0	1	0	0
Voxel_537	0	0	0	0	0	0	0	0	0	0
Voxel_538	0	0	0	0	1	0	0	1	0	0
Voxel_539	0	0	0	0	0	0	0	0	0	0
Voxel_540	0	0	0	0	0	0	0	0	0	0
Voxel_541	0	0	1	0	0	0	0	0	0	0
Voxel_542	0	0	0	0	0	0	0	0	0	0
Voxel_543	0	0	1	0	0	0	0	0	0	0
Voxel_544	0	0	1	0	0	0	0	0	0	0
Voxel_545	0	0	0	0	0	1	0	0	0	1
Voxel_546	0	0	0	0	0	0	0	0	0	1
Voxel_547	0	0	0	0	0	0	0	1	0	1
Voxel_548	0	0	0	0	0	0	0	0	0	0
Voxel_549	0	0	0	0	0	0	0	0	0	0
Voxel_550	0	0	1	0	1	0	0	0	0	0
Voxel_551	0	0	0	0	0	0	1	0	0	1
Voxel_552	0	0	0	0	1	0	1	0	0	0
Voxel_553	0	0	0	0	0	0	0	0	0	1
Voxel_554	0	0	0	0	0	0	1	0	0	0
Voxel_555	0	0	0	0	1	0	0	0	0	1
Voxel_556	0	0	0	0	0	0	1	0	0	0
Voxel_557	0	0	1	0	1	0	0	0	0	1
Voxel_558	0	0	0	0	0	0	0	0	0	0
Voxel_559	0	0	1	0	0	0	0	0	0	0
Voxel_560	0	0	0	0	0	0	0	0	0	0
Voxel_561	0	0	1	0	0	0	0	0	0	0
Voxel_562	0	0	0	0	0	0	1	1	0	0
Voxel_563	0	0	0	0	1	0	0	0	0	1
Voxel_564	0	0	0	0	0	0	1	1	0	0
Voxel_565	0	0	0	0	1	0	0	1	0	1
Voxel_566	0	0	0	0	0	0	1	1	0	0
Voxel_567	0	0	0	0	1	0	0	0	0	0
Voxel_568	0	0	0	0	0	0	0	0	0	0
Voxel_569	0	0	0	0	1	0	0	1	0	0
Voxel_570	0	0	0	0	0	0	0	0	0	0
Voxel_571	0	0	0	0	0	0	0	1	0	0
Voxel_572	0	0	0	0	0	0	0	0	0	0
Voxel_573	0	0	0	0	0	0	0	0	0	0
Voxel_574	0	0	1	0	0	0	0	0	0	1
Voxel_575	0	0	0	0	1	0	0	0	0	0
Voxel_576	0	0	1	0	0	0	0	0	0	1
Voxel_577	0	0	1	0	0	0	0	0	0	0
Voxel_578	0	0	1	0	0	0	0	0	0	0
Voxel_579	0	0	0	0	0	0	0	0	0	1
Voxel_580	0	0	0	0	0	1	0	0	0	1
Voxel_581	0	0	0	0	0	1	0	0	0	1
Voxel_582	0	0	0	0	0	0	0	1	0	1
Voxel_583	0	0	1	0	0	0	0	0	0	0
Voxel_584	0	0	0	0	0	0	0	0	0	0
Voxel_585	0	0	1	0	1	0	0	0	0	0
Voxel_586	0	0	0	1	0	0	1	0	0	1
Voxel_587	0	0	0	0	1	0	1	1	0	0
Voxel_588	0	0	0	0	0	0	0	0	0	1
Voxel_589	0	0	0	0	0	0	1	0	0	0
Voxel_590	0	0	0	0	1	0	0	0	0	1
Voxel_591	0	0	0	0	0	0	0	0	0	0
Voxel_592	0	0	1	0	1	0	0	0	0	1
Voxel_593	0	0	0	0	0	0	0	0	0	0
Voxel_594	0	0	1	0	0	0	0	0	0	0
Voxel_595	0	0	0	0	0	1	1	0	0	0
Voxel_596	0	0	1	0	0	0	0	0	0	0
Voxel_597	0	0	0	0	0	0	1	1	0	0
Voxel_598	0	0	0	0	1	0	0	0	0	1
Voxel_599	0	0	0	0	0	0	1	1	0	0
Voxel_600	0	0	0	0	1	0	0	1	0	1
Voxel_601	0	0	0	0	0	0	1	1	0	0
Voxel_602	0	0	0	0	1	0	0	1	0	0
Voxel_603	0	0	0	0	0	1	0	0	0	0
Voxel_604	0	0	0	0	1	0	0	1	0	0
Voxel_605	0	0	0	0	0	0	0	1	0	0
Voxel_606	0	0	0	0	0	0	0	0	0	0
Voxel_607	0	0	0	0	0	0	0	0	0	0
Voxel_608	0	0	1	0	0	0	0	0	0	0
Voxel_609	0	0	0	0	0	0	0	0	0	0
Voxel_610	0	0	1	0	0	0	0	0	0	1
Voxel_611	0	0	1	0	0	0	0	0	0	0
Voxel_612	0	0	1	0	0	0	0	0	0	0
Voxel_613	0	0	0	0	0	0	0	0	0	1
Voxel_614	0	0	0	0	0	1	1	0	0	1
Voxel_615	0	0	0	0	0	1	0	0	0	1
Voxel_616	0	0	0	0	0	0	0	0	0	0
Voxel_617	0	0	1	0	0	0	0	0	0	0
Voxel_618	0	0	0	0	0	0	1	0	0	0
Voxel_619	0	0	1	0	1	0	0	0	0	0
Voxel_620	0	0	0	0	0	0	1	0	0	1
Voxel_621	0	0	0	0	0	0	1	1	0	0
Voxel_622	0	0	0	0	0	0	0	0	0	1
Voxel_623	0	0	0	0	0	0	1	0	0	0
Voxel_624	0	0	0	0	1	0	0	0	0	1
Voxel_625	0	0	0	0	0	0	0	0	0	0
Voxel_626	0	0	1	0	0	0	0	0	0	1
Voxel_627	0	0	0	0	0	0	0	0	0	0
Voxel_628	0	0	1	0	0	0	0	0	0	0
Voxel_629	0	0	0	0	0	0	0	0	0	0
Voxel_630	0	0	0	0	0	0	1	1	0	0
Voxel_631	0	0	0	0	0	0	0	0	0	0
Voxel_632	0	0	0	0	0	0	1	1	0	0
Voxel_633	0	0	0	0	1	0	0	0	0	1
Voxel_634	0	0	0	0	0	0	1	1	0	0
Voxel_635	0	0	0	0	1	0	0	0	0	0
Voxel_636	0	0	0	0	0	0	1	0	0	0
Voxel_637	0	0	0	0	1	0	0	1	0	0
Voxel_638	0	0	0	0	0	1	0	0	0	0
Voxel_639	0	0	0	0	1	0	0	1	0	0
Voxel_640	0	0	0	0	0	0	0	0	0	0
Voxel_641	0	0	0	0	0	0	0	0	0	0
Voxel_642	0	0	0	0	0	0	0	0	0	0
Voxel_643	0	0	1	0	0	0	0	0	0	0
Voxel_644	0	0	1	0	0	0	0	0	0	0
Voxel_645	0	0	0	0	0	0	0	0	0	0
Voxel_646	0	0	0	0	0	0	0	0	0	1
Voxel_647	0	0	0	0	1	0	1	0	0	1
Voxel_648	0	0	0	0	0	0	0	1	0	1
Voxel_649	0	0	0	0	0	0	0	0	0	0
Voxel_650	0	0	1	0	1	0	0	1	0	0
Voxel_651	0	0	0	0	0	0	1	0	0	0
Voxel_652	0	0	1	0	1	0	1	0	0	0
Voxel_653	0	0	0	0	0	0	1	0	0	1
Voxel_654	0	0	0	0	0	0	1	0	0	0
Voxel_655	0	0	0	0	0	0	0	1	0	1
Voxel_656	0	0	0	0	0	0	1	0	0	0
Voxel_657	0	0	0	0	1	0	0	0	0	1
Voxel_658	0	0	0	0	0	0	0	0	0	0
Voxel_659	0	0	1	0	0	0	0	0	0	1
Voxel_660	0	0	0	0	0	0	0	0	0	0
Voxel_661	0	0	1	0	0	0	0	0	0	0
Voxel_662	0	0	0	0	0	0	1	1	0	0
Voxel_663	0	0	0	0	0	0	0	0	0	1
Voxel_664	0	0	0	0	0	0	1	1	0	0
Voxel_665	0	0	0	0	1	0	0	0	0	1
Voxel_666	0	0	0	0	0	0	1	1	0	0
Voxel_667	0	0	0	0	1	0	0	0	0	0
Voxel_668	0	0	0	0	0	0	0	0	0	1
Voxel_669	0	0	0	0	1	0	0	1	0	0
Voxel_670	0	0	0	0	0	0	0	0	0	0
Voxel_671	0	0	0	0	1	0	0	1	0	1
Voxel_672	0	0	0	0	0	0	0	0	0	0
Voxel_673	0	0	0	0	0	0	0	0	0	0
Voxel_674	0	0	1	0	0	0	0	0	0	0
Voxel_675	0	0	0	0	0	0	0	0	0	0
Voxel_676	0	0	1	0	0	0	0	0	0	0
Voxel_677	0	0	1	0	0	0	0	0	0	0
Voxel_678	0	0	0	0	0	0	0	0	0	0
Voxel_679	0	0	0	0	0	0	0	0	0	1
Voxel_680	0	0	0	0	1	0	0	0	0	1
Voxel_681	0	0	0	0	0	0	0	1	0	1
Voxel_682	0	0	0	0	0	0	0	0	0	0
Voxel_683	0	0	1	0	1	0	0	1	0	0
Voxel_684	0	0	0	1	0	0	0	0	0	1
Voxel_685	0	0	0	0	1	0	1	0	0	0
Voxel_686	0	0	0	1	0	0	0	0	0	1
Voxel_687	1	0	0	0	0	0	1	0	0	0
Voxel_688	0	0	0	0	1	0	0	0	0	1
Voxel_689	0	0	0	0	0	0	0	0	0	0
Voxel_690	0	0	0	0	1	0	0	0	0	1
Voxel_691	0	0	0	0	0	0	0	0	0	0
Voxel_692	0	0	1	0	0	0	0	0	0	0
Voxel_693	0	0	0	0	0	0	0	0	0	0
Voxel_694	0	0	1	0	0	0	0	0	0	0
Voxel_695	0	0	0	0	0	0	1	1	0	0
Voxel_696	0	0	0	0	1	0	0	0	0	1
Voxel_697	0	0	0	0	0	0	1	1	0	0
Voxel_698	0	0	0	0	1	0	0	0	0	1
Voxel_699	0	0	0	0	0	1	1	1	0	0
Voxel_700	0	0	0	0	1	0	0	0	0	0
Voxel_701	0	0	0	0	0	0	0	0	0	1
Voxel_702	0	0	0	0	1	0	0	1	0	0
Voxel_703	0	0	0	0	0	0	0	0	0	0
Voxel_704	0	0	0	0	1	0	0	1	0	1
Voxel_705	0	0	0	0	0	0	0	0	0	0
Voxel_706	0	0	0	0	0	0	0	0	0	0
Voxel_707	0	0	0	0	0	0	0	0	0	0
Voxel_708	0	0	0	0	0	0	0	0	0	0
Voxel_709	0	0	1	0	0	0	0	0	0	0
Voxel_710	0	0	1	0	0	0	0	0	0	0
Voxel_711	0	0	0	0	0	0	0	0	0	0
Voxel_712	0	0	0	0	0	0	0	0	0	0
Voxel_713	0	0	0	0	0	0	1	0	0	1
Voxel_714	0	0	0	0	0	0	0	0	0	1
Voxel_715	0	0	0	0	0	0	0	1	0	1
Voxel_716	0	0	0	0	0	0	0	0	0	0
Voxel_717	0	0	0	0	0	0	0	0	0	0
Voxel_718	0	0	1	0	1	0	0	1	0	0
Voxel_719	0	0	0	1	0	0	0	0	0	1
Voxel_720	0	0	0	0	1	0	1	1	0	0
Voxel_721	0	0	0	0	0	0	0	0	0	1
Voxel_722	1	0	0	0	0	0	1	0	0	0
Voxel_723	0	0	0	0	1	0	0	0	0	1
Voxel_724	0	0	0	0	0	0	0	0	0	0
Voxel_725	0	0	0	0	1	0	0	0	0	1
Voxel_726	0	0	0	0	0	0	0	0	0	0
Voxel_727	0	0	1	0	0	0	0	0	0	0
Voxel_728	0	0	0	0	0	0	0	0	0	0
Voxel_729	0	0	1	0	0	0	0	0	0	0
Voxel_730	0	0	0	0	0	0	1	1	0	0
Voxel_731	0	0	0	0	1	0	0	0	0	1
Voxel_732	0	0	1	0	0	0	1	1	0	0
Voxel_733	0	0	0	0	1	0	0	0	0	1
Voxel_734	0	0	0	0	0	1	1	0	0	0
Voxel_735	0	0	0	0	1	0	0	0	0	0
Voxel_736	0	0	0	0	0	1	0	0	0	1
Voxel_737	0	0	0	0	1	0	0	1	0	0
Voxel_738	0	0	0	0	0	0	0	0	0	0
Voxel_739	0	0	0	0	0	0	0	1	0	0
Voxel_740	0	0	0	0	0	0	0	0	0	0
Voxel_741	0	0	0	0	0	0	0	0	0	0
Voxel_742	0	0	0	0	0	0	0	0	0	0
Voxel_743	0	0	1	0	0	0	0	0	0	0
Voxel_744	0	0	0	0	0	0	0	0	0	0
Voxel_745	0	0	0	0	0	0	0	0	0	0
Voxel_746	0	0	0	0	0	0	0	0	0	1
Voxel_747	0	0	0	0	0	0	0	1	0	0
Voxel_748	0	0	0	0	0	0	0	0	0	1
Voxel_749	0	0	0	0	1	0	1	0	0	1
Voxel_750	0	0	0	1	0	0	0	0	0	1
Voxel_751	0	0	0	0	0	0	0	0	0	1
Voxel_752	0	0	1	0	0	0	0	0	0	0
Voxel_753	0	0	0	0	0	0	1	0	0	0
Voxel_754	0	0	1	0	1	1	0	1	0	0
Voxel_755	0	0	0	1	0	0	0	0	0	1
Voxel_756	1	0	0	0	1	0	1	1	0	0
Voxel_757	0	0	0	0	0	0	0	0	0	1
Voxel_758	0	0	0	0	0	0	1	0	0	0
Voxel_759	0	0	0	0	1	0	0	0	0	1
Voxel_760	0	0	0	0	0	0	0	0	0	0
Voxel_761	0	0	1	0	0	0	0	0	0	1
Voxel_762	0	0	0	0	0	0	0	0	0	0
Voxel_763	0	0	0	0	0	0	0	0	0	0
Voxel_764	0	0	0	0	0	1	1	0	0	0
Voxel_765	0	0	1	0	0	0	0	0	0	0
Voxel_766	0	0	0	0	0	0	1	1	0	0
Voxel_767	0	0	0	0	1	0	0	0	0	1
Voxel_768	0	0	1	0	0	0	1	0	0	0
Voxel_769	0	0	0	0	1	0	0	0	0	1
Voxel_770	0	0	0	0	0	1	1	0	0	0
Voxel_771	0	0	0	0	1	0	0	1	0	0
Voxel_772	0	0	0	0	0	1	0	0	0	1
Voxel_773	0	0	0	0	1	0	0	1	0	0
Voxel_774	0	0	0	0	0	0	0	0	0	0
Voxel_775	0	0	0	0	0	0	0	0	0	0
Voxel_776	0	0	0	0	0	0	0	0	0	0
Voxel_777	0	0	0	0	0	0	0	0	0	0
Voxel_778	0	0	0	0	0	0	0	0	0	0
Voxel_779	0	0	1	0	0	0	0	0	0	0
Voxel_780	0	0	0	0	0	0	0	0	0	0
Voxel_781	0	0	0	0	0	0	0	0	0	0
Voxel_782	0	0	0	0	0	0	0	0	0	1
Voxel_783	0	0	0	0	0	0	0	1	0	0
Voxel_784	0	0	0	0	0	0	0	0	0	1
Voxel_785	0	0	0	0	1	0	1	0	0	1
Voxel_786	0	0	0	1	0	0	0	0	0	1
Voxel_787	0	0	0	0	0	0	0	0	0	1
Voxel_788	0	0	1	0	1	0	0	1	0	1
Voxel_789	0	0	0	0	0	0	1	0	0	0
Voxel_790	0	0	0	0	1	1	1	0	0	0
Voxel_791	0	0	0	1	0	0	0	0	0	0
Voxel_792	1	0	0	0	0	0	1	1	0	0
Voxel_793	0	0	0	0	0	0	0	0	0	1
Voxel_794	0	0	0	0	0	0	0	0	0	0
Voxel_795	0	0	0	0	1	0	0	0	0	1
Voxel_796	0	0	0	0	0	0	0	0	0	0
Voxel_797	0	0	1	0	0	0	0	0	0	1
Voxel_798	0	0	0	0	0	0	0	0	0	0
Voxel_799	0	0	1	0	0	0	0	0	0	0
Voxel_800	0	0	0	0	0	1	1	0	0	0
Voxel_801	0	0	0	0	0	0	0	0	0	1
Voxel_802	0	0	0	0	0	0	1	1	0	0
Voxel_803	0	0	0	0	1	0	0	0	0	1
Voxel_804	0	0	1	0	0	0	0	0	0	0
Voxel_805	0	0	0	0	1	0	0	0	0	1
Voxel_806	0	0	0	0	0	0	0	0	0	0
Voxel_807	0	0	0	0	1	0	0	1	0	0
Voxel_808	0	0	0	0	0	0	0	0	0	0
Voxel_809	0	0	0	0	1	0	0	1	0	1
Voxel_810	0	0	0	0	0	0	0	0	0	0
Voxel_811	0	1	0	0	0	0	0	0	0	0
Voxel_812	0	0	0	0	0	0	0	0	0	0
Voxel_813	0	0	0	0	0	0	0	0	0	0
Voxel_814	0	0	0	0	0	0	0	0	0	0
Voxel_815	0	0	1	0	0	0	0	0	0	0
Voxel_816	0	0	0	0	0	0	0	0	0	0
Voxel_817	0	0	0	0	0	0	0	0	0	0
Voxel_818	0	0	0	0	0	0	0	0	0	1
Voxel_819	0	0	0	0	1	0	1	0	0	1
Voxel_820	0	0	0	0	0	0	0	1	0	1
Voxel_821	0	0	0	0	0	0	0	0	0	0
Voxel_822	0	0	1	0	1	0	0	1	0	1
Voxel_823	0	0	0	0	0	1	1	0	0	1
Voxel_824	0	0	0	0	1	1	1	1	0	0
Voxel_825	0	0	0	0	0	0	0	0	0	1
Voxel_826	1	0	0	0	0	0	1	0	0	0
Voxel_827	0	0	0	0	0	0	0	0	0	1
Voxel_828	0	0	0	0	0	0	0	0	0	0
Voxel_829	0	0	0	0	0	0	0	0	0	1
Voxel_830	0	0	0	0	0	0	0	0	0	0
Voxel_831	0	0	1	0	0	0	0	0	0	1
Voxel_832	0	0	0	0	0	0	1	0	0	0
Voxel_833	0	0	1	0	0	0	0	0	0	0
Voxel_834	0	0	0	0	0	0	1	0	0	0
Voxel_835	0	0	0	0	0	0	0	0	0	1
Voxel_836	0	0	0	0	0	0	1	1	0	0
Voxel_837	0	0	0	0	1	0	0	0	0	1
Voxel_838	0	0	0	0	0	0	0	0	0	0
Voxel_839	0	0	0	0	1	0	0	0	0	1
Voxel_840	0	0	0	0	0	0	0	0	0	1
Voxel_841	0	0	0	0	1	0	0	1	0	1
Voxel_842	0	0	0	0	0	0	0	0	0	0
Voxel_843	0	0	0	0	1	0	0	1	0	1
Voxel_844	0	0	0	0	0	0	0	0	0	0
Voxel_845	0	0	0	0	0	0	0	0	0	0
Voxel_846	0	0	0	0	0	0	0	0	0	0
Voxel_847	0	0	0	0	0	0	0	0	0	0
Voxel_848	0	0	0	0	0	0	0	0	0	0
Voxel_849	0	0	0	0	0	0	0	0	0	0
Voxel_850	0	1	0	0	0	0	0	0	0	0
Voxel_851	0	0	0	0	0	0	0	0	0	0
Voxel_852	0	0	0	0	1	0	1	0	0	1
Voxel_853	0	0	0	0	1	0	1	0	0	1
Voxel_854	0	0	0	0	0	0	0	0	1	1
Voxel_855	0	0	0	1	1	0	0	0	0	0
Voxel_856	0	0	1	0	1	0	0	1	0	0
Voxel_857	0	0	0	0	0	0	0	0	0	1
Voxel_858	0	0	0	0	1	1	1	1	0	0
Voxel_859	0	0	0	0	0	0	0	0	0	1
Voxel_860	1	0	0	0	0	0	1	0	0	0
Voxel_861	0	0	0	0	0	0	0	0	0	1
Voxel_862	0	0	0	0	0	0	0	0	0	0
Voxel_863	0	0	0	0	0	0	0	0	0	1
Voxel_864	0	0	0	0	0	0	0	0	0	0
Voxel_865	0	0	1	0	0	0	0	0	0	0
Voxel_866	0	0	0	0	0	0	1	0	0	0
Voxel_867	0	0	1	0	0	0	0	0	0	0
Voxel_868	0	0	0	0	0	0	1	0	0	0
Voxel_869	0	0	0	0	0	0	0	0	0	1
Voxel_870	0	0	1	0	0	0	1	0	0	0
Voxel_871	0	0	0	0	1	0	0	0	0	1
Voxel_872	0	0	0	0	0	0	0	0	0	0
Voxel_873	0	0	0	0	1	0	0	0	0	1
Voxel_874	0	0	0	0	1	1	0	0	0	1
Voxel_875	0	0	0	0	1	0	0	1	0	0
Voxel_876	0	0	0	0	0	0	0	0	0	0
Voxel_877	0	0	0	0	0	0	0	0	0	0
Voxel_878	0	0	0	0	0	0	0	0	0	0
Voxel_879	0	0	0	0	0	0	0	0	0	0
Voxel_880	0	0	0	0	0	0	0	0	0	0
Voxel_881	0	0	1	0	0	0	0	0	0	0
Voxel_882	0	0	0	0	0	0	0	0	0	0
Voxel_883	0	0	0	0	0	0	0	0	0	0
Voxel_884	0	0	0	0	0	0	0	0	0	0
Voxel_885	0	1	0	0	0	0	0	0	0	0
Voxel_886	0	0	0	0	0	0	0	0	0	0
Voxel_887	0	0	0	0	1	0	1	0	0	1
Voxel_888	0	0	0	0	0	0	0	0	0	1
Voxel_889	0	0	0	0	0	0	0	0	1	1
Voxel_890	0	0	0	0	0	0	0	0	0	0
Voxel_891	0	0	0	0	1	0	0	0	0	0
Voxel_892	0	0	1	0	1	1	0	1	0	0
Voxel_893	0	0	0	1	0	0	0	0	0	1
Voxel_894	1	0	0	0	1	1	1	0	0	0
Voxel_895	0	0	0	0	0	0	0	0	0	1
Voxel_896	1	0	0	0	0	0	1	0	0	0
Voxel_897	0	0	0	0	1	0	0	0	0	1
Voxel_898	0	0	0	0	0	0	0	0	0	0
Voxel_899	0	0	0	0	0	0	0	0	0	1
Voxel_900	0	0	0	0	0	0	0	0	0	0
Voxel_901	0	0	0	0	0	0	0	0	0	0
Voxel_902	0	0	0	0	0	0	0	0	0	0
Voxel_903	0	0	1	0	0	0	0	0	0	0
Voxel_904	0	0	0	0	0	0	1	1	0	0
Voxel_905	0	0	0	0	1	0	0	0	0	1
Voxel_906	0	0	1	0	0	0	0	0	0	1
Voxel_907	0	0	0	0	1	0	0	0	0	1
Voxel_908	0	0	0	0	0	1	0	0	0	1
Voxel_909	0	0	0	0	1	0	0	0	0	1
Voxel_910	0	0	0	0	1	1	0	0	0	1
Voxel_911	0	0	0	0	1	0	0	1	0	0
Voxel_912	0	0	0	0	0	0	0	0	0	0
Voxel_913	0	1	0	0	0	0	0	0	0	0
Voxel_914	0	0	0	0	0	0	0	0	0	0
Voxel_915	0	0	0	0	0	0	0	0	0	0
Voxel_916	0	0	0	0	0	0	0	0	0	0
Voxel_917	0	0	1	0	0	0	0	0	0	0
Voxel_918	0	0	0	0	0	0	0	0	0	0
Voxel_919	0	0	0	0	0	0	0	0	0	0
Voxel_920	0	0	0	0	0	0	0	0	0	0
Voxel_921	0	0	0	0	0	0	0	0	0	0
Voxel_922	0	0	0	0	0	0	0	0	0	0
Voxel_923	0	0	0	0	1	0	1	0	0	1
Voxel_924	0	0	0	0	0	0	0	0	0	1
Voxel_925	0	0	0	0	0	1	0	0	1	1
Voxel_926	0	0	1	0	0	0	0	0	0	1
Voxel_927	0	0	0	0	0	1	1	0	0	0
Voxel_928	0	0	0	0	1	1	0	0	0	0
Voxel_929	0	0	0	1	0	0	0	1	1	0
Voxel_930	1	0	0	0	0	1	1	0	0	0
Voxel_931	0	0	0	0	0	0	0	0	0	1
Voxel_932	0	0	0	0	0	0	1	0	0	0
Voxel_933	0	0	0	0	0	0	0	0	0	1
Voxel_934	0	0	0	0	0	0	0	0	0	0
Voxel_935	0	0	0	0	0	0	0	0	0	1
Voxel_936	0	0	0	0	0	0	0	0	0	0
Voxel_937	0	0	0	0	0	0	0	0	0	0
Voxel_938	0	0	0	0	0	1	0	0	0	0
Voxel_939	0	0	1	0	0	0	0	0	0	0
Voxel_940	0	0	0	0	0	0	1	1	0	0
Voxel_941	0	0	0	0	1	0	0	0	0	1
Voxel_942	0	0	1	0	0	0	0	0	0	1
Voxel_943	0	0	0	0	1	0	0	0	0	1
Voxel_944	0	0	0	0	0	1	0	0	0	1
Voxel_945	0	0	0	0	1	0	0	0	0	1
Voxel_946	0	0	0	0	0	1	0	0	0	1
Voxel_947	0	0	0	0	1	0	0	1	0	0
Voxel_948	0	0	0	0	0	0	0	0	0	0
Voxel_949	0	1	0	0	0	0	0	0	0	0
Voxel_950	0	0	0	0	0	0	0	0	0	0
Voxel_951	0	0	0	0	0	0	0	0	0	0
Voxel_952	0	0	0	0	0	0	0	0	0	0
Voxel_953	0	0	0	0	0	0	0	0	0	0
Voxel_954	0	0	0	0	0	0	0	0	0	0
Voxel_955	0	0	0	0	0	0	0	0	0	0
Voxel_956	0	0	0	0	0	0	0	0	0	0
Voxel_957	0	0	0	0	0	0	0	0	0	0
Voxel_958	0	0	0	0	1	0	1	0	0	1
Voxel_959	0	0	0	0	0	1	0	0	1	1
Voxel_960	0	0	0	1	0	1	0	0	0	0
Voxel_961	0	0	1	0	0	0	0	0	0	1
Voxel_962	0	0	0	0	0	1	0	0	0	1
Voxel_963	0	0	0	0	1	1	1	0	0	0
Voxel_964	0	0	0	0	0	0	1	1	0	0
Voxel_965	1	0	0	0	0	1	1	0	0	0
Voxel_966	0	0	0	0	0	0	0	0	0	1
Voxel_967	0	0	0	0	0	0	0	0	0	0
Voxel_968	0	0	0	0	0	0	0	0	0	1
Voxel_969	0	0	0	0	0	0	0	0	0	0
Voxel_970	0	0	0	0	0	0	0	0	0	1
Voxel_971	0	0	0	0	0	0	1	0	0	0
Voxel_972	0	0	0	0	0	0	1	0	0	0
Voxel_973	0	0	1	0	0	0	0	0	0	1
Voxel_974	0	0	0	0	0	0	1	1	0	0
Voxel_975	0	0	0	0	1	0	0	0	0	1
Voxel_976	0	0	1	0	0	0	0	0	0	1
Voxel_977	0	0	0	0	1	0	0	0	0	1
Voxel_978	0	0	0	0	1	1	0	0	0	1
Voxel_979	0	0	0	0	1	0	0	1	0	1
Voxel_980	0	0	0	0	0	0	0	0	0	1
Voxel_981	0	0	0	0	1	0	0	0	0	0
Voxel_982	0	0	0	0	0	0	0	0	0	0
Voxel_983	0	1	0	0	0	0	0	0	0	0
Voxel_984	0	0	0	0	0	0	0	0	0	0
Voxel_985	0	0	0	0	0	0	0	0	0	0
Voxel_986	0	0	0	0	0	0	0	0	0	0
Voxel_987	0	0	0	0	0	0	0	0	0	0
Voxel_988	0	1	0	0	0	0	0	0	0	0
Voxel_989	0	0	0	0	0	0	0	0	0	0
Voxel_990	0	0	0	0	0	0	0	0	0	0
Voxel_991	0	0	0	0	0	0	0	0	0	0
Voxel_992	0	0	0	0	1	0	1	0	0	1
Voxel_993	0	0	0	0	0	1	0	0	1	1
Voxel_994	0	0	0	1	1	0	0	0	0	0
Voxel_995	0	0	0	0	0	0	0	1	0	1
Voxel_996	0	0	0	0	0	1	0	0	1	1
Voxel_997	0	0	0	0	1	1	1	0	0	0
Voxel_998	0	0	0	0	0	0	1	0	0	1
Voxel_999	1	0	0	0	0	0	1	0	0	0
